<?xml version="1.0" encoding="UTF-8"?>
<Configuration status="WARN">

	<Properties>
		<Property name="service-name">MEMBER_MANAGEMENT</Property>
		<Property name="log-path">C:/logs</Property>
		<Property name="log-pattern">[%-5level] %d{yyyy-MM-dd HH:mm:ss.SSS} [%t] %c{1} - [MEMBER] %msg%n</Property>
		<Property name="file-name">${log-path}/${service-name}</Property>
		<Property name="file-pattern">${file-name}-%d{yyyy-MM-dd}</Property>
	</Properties>


	<Appenders>
		<Console name="console-log" target="SYSTEM_OUT">
			<PatternLayout pattern="${log-pattern}" />
		</Console>

		<RollingFile name="info-log"
			fileName="${file-name}-info.log"
			filePattern="${file-pattern}-%d{yyyy-MM-dd}-info.log">
			<PatternLayout>
				<pattern>${log-pattern}</pattern>
			</PatternLayout>
			<Policies>
				<TimeBasedTriggeringPolicy interval="1"
					modulate="true" />
			</Policies>
		</RollingFile>

		<RollingFile name="debug-log"
			fileName="${file-name}-debug.log"
			filePattern="${file-pattern}-%d{yyyy-MM-dd}-debug.log">
			<PatternLayout>
				<pattern>${log-pattern}</pattern>
			</PatternLayout>
			<Policies>
				<TimeBasedTriggeringPolicy interval="1"
					modulate="true" />
			</Policies>
		</RollingFile>

		<RollingFile name="error-log"
			fileName="${file-name}-error.log"
			filePattern="${file-pattern}-%d{yyyy-MM-dd}-error.log">
			<PatternLayout>
				<pattern>${log-pattern}</pattern>
			</PatternLayout>
			<Policies>
				<TimeBasedTriggeringPolicy interval="1"
					modulate="true" />
			</Policies>
		</RollingFile>
	</Appenders>

	<Loggers>
		<Root level="INFO">
			<appender-ref ref="info-log" level="INFO" />
			<appender-ref ref="debug-log" level="DEBUG" />
			<appender-ref ref="error-log" level="ERROR" />
			<appender-ref ref="console-log" level="DEBUG" />
		</Root>

	</Loggers>
</Configuration>